run_num,t_f,th_f,th_goal,x_f,x_goal,y_f,y_goal
1,,0.0,0.0,0.9551641606300866,1.0,0.0,0.0
2,,0.0,0.0,0.955130781842818,1.0,0.0,0.0
3,,0.0,0.0,0.9674946100954264,1.0,0.0,0.0
4,,0.0,0.0,0.9674769272955346,1.0,0.0,0.0
5,,0.0,0.0,0.95517637159146,1.0,0.0,0.0
6,,0.0,0.0,0.9674997242584662,1.0,0.0,0.0
7,,0.0,0.0,0.9551428361255928,1.0,0.0,0.0
8,,0.0,0.0,0.967500033942986,1.0,0.0,0.0
9,,0.0,0.0,0.9674900915486632,1.0,0.0,0.0
10,,0.0,0.0,0.9551329828002574,1.0,0.0,0.0
