run_num,t_f,th_f,th_goal,x_f,x_goal,y_f,y_goal
1,1.0,1.0,1.0,1.0,1.0,1.0,0.0
2,2.0,2.0,2.0,2.0,2.0,2.0,2.0
3,,0.0,0.0,0.955925343406554,1.0,0.0,0.0
4,,0.0,0.0,0.9534808291952314,1.0,0.0,0.0
