run_num,t_f,th_f,th_goal,x_f,x_goal,y_f,y_goal
1,,0.0,0.0,0.9559267447415184,1.0,0.0,0.0
2,,0.0,0.0,0.9559299130767426,1.0,0.0,0.0
3,,0.0,0.0,0.9534904889951952,1.0,0.0,0.0
4,,0.0,0.0,0.9534838758808906,1.0,0.0,0.0
5,,0.0,0.0,0.9534838008914892,1.0,0.0,0.0
6,,0.0,0.0,0.9534781673104542,1.0,0.0,0.0
7,,0.0,0.0,0.9559234654119564,1.0,0.0,0.0
8,,0.0,0.0,0.9559241189776444,1.0,0.0,0.0
9,,0.0,0.0,0.95592117362686,1.0,0.0,0.0
10,,0.0,0.0,0.9534842119366836,1.0,0.0,0.0
