{"kr": 0.05942266147355319, "kr_le": -0.08187933454705865, "kl": 0.0805228378046942, "kl_le": 0.2700858237041385, "least_error": -7.61476300797853}