{"kr": 2.0, "kr_le": -0.08187933454705865, "least_error": -7.61476300797853, "kl_le": 0.2700858237041385, "kl": 2.0}