ang_vel,angular_vel,linear_vel,run_num,t_f,th_f,x_f,y_f
,0.0,0.2,1,1.0,0.0,0.1600353717803955,0.0
,0.0,0.2,2,1.0,0.0,0.20000219345092773,0.0
,0.0,0.2,3,1.0,0.0,0.1999884128570557,0.0
,0.0,0.2,4,1.0,0.0,0.1999769687652588,0.0
,0.0,0.2,5,1.0,0.0,0.20000343322753905,0.0
,0.0,0.2,6,1.0,0.0,0.2000022411346436,0.0
,0.0,0.2,7,1.0,0.0,0.2000003814697265,0.0
,0.0,0.2,8,1.0,0.0,0.19995522499084475,0.0
,0.0,0.2,9,1.0,0.0,0.2000463962554932,0.0
,0.0,0.2,10,1.0,0.0,0.19996323585510256,0.0
